ZIPCODE,BLDGZIP,PO_NAME,POPULATION,AREA,STATE,COUNTY,ST_FIPS,CTY_FIPS,RESTAURANT_COUNT,GROCERY_COUNT,EDUCATION_COUNT,ENTERTAINMENT_COUNT,HEALTHCARE_COUNT,RETAIL_COUNT,OTHER_COUNT,GROCERY_VISIT_PERCENT,HOUSEHOLD_SIZE,HOUSEHOLD_INCOME,BLACK,HISPANIC,AGE65_PLUS,BACHELOR_S,COVID_CASE_COUNT,COVID_CASE_RATE,COVID_DEATH_COUNT,COVID_DEATH_RATE,NO_HEALTH_INSURANCE
11436,0,Jamaica,18706,22699295.46,NY,Queens,36,81,40,19,5,6,11,24,143,0.061,3.4,72962,11560,2686,2506,1962,640,3193.21,47,234.5,0.092371632
11213,0,Brooklyn,66025,29631004.44,NY,Kings,36,47,201,61,49,27,123,170,809,0.072,2.5,48318,43233,7912,8880,8803,1871,2896.23,152,235.29,0.063846699
11212,0,Brooklyn,68117,41972104.07,NY,Kings,36,47,178,78,53,31,222,184,637,0.057,2.18,29385,57275,13314,10617,6090,2337,3159.52,236,319.06,0.071794375
11225,0,Brooklyn,55863,23698630.12,NY,Kings,36,47,245,67,42,30,123,142,724,0.053,2.31,65200,33538,5580,8347,10644,1474,2562.87,143,248.64,0.083732033
11218,0,Brooklyn,72540,36868798.99,NY,Kings,36,47,288,97,48,39,150,256,970,0.095,2.88,78249,6706,10630,9004,11913,2310,3121.79,140,189.2,0.082450573
11226,0,Brooklyn,95389,39408598.28,NY,Kings,36,47,380,122,52,36,242,314,1231,0.037,2.54,60896,64136,15360,11284,13601,2845,2922.29,307,315.34,0.063365489
11219,0,Brooklyn,86738,42002738.47,NY,Kings,36,47,245,86,84,24,630,411,1546,0.071,3.63,41907,1295,10882,10386,6359,4026,4469.23,248,275.3,0.045011307
11210,0,Brooklyn,62029,47887022.99,NY,Kings,36,47,160,40,49,27,217,184,862,0.053,2.84,70776,35240,4744,9740,9160,2449,3728.29,154,234.45,0.064071769
11230,0,Brooklyn,86477,49926703.39,NY,Kings,36,47,262,87,70,22,336,305,1002,0.063,2.77,57770,6282,9950,14270,13820,3771,4242.36,242,272.25,0.065948497
11204,0,Brooklyn,75716,43555184.61,NY,Kings,36,47,216,87,60,31,226,251,939,0.067,3.22,54984,808,9042,11002,9477,2893,3752.88,154,199.77,0.047849246
10471,0,Bronx,19183,89651407.06,NY,Bronx,36,5,57,6,21,27,74,32,189,0.064,2.2,93657,2215,5659,6384,3918,937,4411.27,90,423.71,0.037055886
10470,0,Bronx,15272,21543461.58,NY,Bronx,36,5,52,14,7,3,15,46,235,0.055,2.51,64643,5929,3028,2518,2854,537,3581.96,22,146.75,0.078066914
10466,0,Bronx,73646,55262490.61,NY,Bronx,36,5,142,49,35,15,99,113,623,0.093,2.94,58405,52297,18621,10717,6961,2799,3925.11,176,246.81,0.091835182
10467,0,Bronx,98456,69336166.37,NY,Bronx,36,5,257,93,50,28,257,192,793,0.08,2.61,40639,34448,52678,11284,8172,4186,4101.57,340,333.14,0.099186369
10463,0,Bronx,67793,36703381.51,NY,Bronx,36,5,239,8,7,2,15,12,60,0.094,2.3,60397,12085,36633,14201,10009,2520,3600.83,221,315.79,0.05531443
10475,0,Bronx,42334,38633296.93,NY,Bronx,36,5,71,14,17,9,95,146,263,0.079,2.27,53819,27837,13124,10900,5632,1984,4642.32,179,418.84,0.054287854
10464,0,Bronx,4306,76257484.9,NY,Bronx,36,5,1,5,3,14,6,18,42,0.193,2.3,101935,21,1591,891,908,141,3290.24,9,210.02,0.0382794
10469,0,Bronx,69907,68040887.07,NY,Bronx,36,5,138,37,38,18,172,123,528,0.084,3.05,67190,41335,20352,13304,8460,3453,4755.09,377,519.16,0.077894826
10468,0,Bronx,77078,34447604.67,NY,Bronx,36,5,176,80,57,27,116,151,538,0.071,2.86,37777,19295,61285,9070,5010,3451,4435.08,226,290.45,0.120563536
10463,0,Bronx,67793,3119701.913,NY,New York,36,61,15,8,7,2,15,12,60,0.094,2.3,60397,12085,36633,14201,10009,2520,3600.83,221,315.79,0.05531443
10458,0,Bronx,82367,35968812.9,NY,Bronx,36,5,309,97,50,30,172,247,673,0.07,2.87,37886,16270,61674,7436,4465,2788,3369.57,135,163.16,0.11668623
10034,0,New York,41895,24503892.12,NY,New York,36,61,200,50,27,20,101,108,462,0.096,2.66,63556,5837,29248,5386,6600,1015,2402.83,72,170.45,0.091365059
10033,0,New York,57771,16156054.17,NY,New York,36,61,199,56,28,36,151,199,585,0.11,2.93,66902,5118,39008,7385,9680,1763,3012.76,123,210.19,0.080560523
10462,0,Bronx,75019,53022513.78,NY,Bronx,36,5,267,88,39,36,229,198,709,0.064,2.59,57266,20486,35057,9846,8915,2856,3792.03,187,248.29,0.085256789
10040,0,New York,43858,16340742.8,NY,New York,36,61,125,43,25,23,76,82,346,0.126,2.72,53199,4055,31425,8117,7297,1459,3318.45,121,275.21,0.080752556
10453,0,Bronx,77101,25748509.27,NY,Bronx,36,5,169,86,44,28,89,106,388,0.084,2.81,31778,25681,54353,6993,5303,3076,3909.63,170,216.07,0.100021038
10465,0,Bronx,43060,108423743.4,NY,Bronx,36,5,132,19,25,30,96,72,275,0.1,2.67,74889,5947,21153,7253,4878,1788,4146.35,93,215.67,0.062747246
10464,0,Bronx,4306,4512530.577,NY,Bronx,36,5,0,5,3,14,6,18,42,0.193,2.3,101935,21,1591,891,908,141,3290.24,9,210.02,0.0382794
10464,0,Bronx,4306,11587953.83,NY,Bronx,36,5,48,5,3,14,6,18,42,0.193,2.3,101935,21,1591,891,908,141,3290.24,9,210.02,0.0382794
10461,0,Bronx,49854,62824057.57,NY,Bronx,36,5,245,39,53,51,524,178,763,0.093,2.61,60802,4721,24193,8401,6409,2190,4460.48,143,291.26,0.075883017
10457,0,Bronx,71025,37640607.38,NY,Bronx,36,5,138,101,64,31,125,138,557,0.076,2.92,32378,34049,49595,6715,4429,2755,3737.03,191,259.08,0.11682137
10460,0,Bronx,56168,35155666.65,NY,Bronx,36,5,100,62,36,20,80,91,341,0.063,2.78,28831,19774,38643,6750,3662,2105,3575.39,132,224.2,0.091010227
10032,0,New York,58314,23159566.09,NY,New York,36,61,211,41,29,39,440,94,559,0.111,2.67,53690,10803,39054,9451,9899,1996,3165.69,175,277.55,0.132078967
10452,0,Bronx,73160,27550385.85,NY,Bronx,36,5,170,87,30,31,82,150,441,0.082,2.71,31351,23894,51956,7432,4514,3145,4181.49,178,236.66,0.117228693
10456,0,Bronx,87630,29933452.44,NY,Bronx,36,5,167,111,66,33,79,99,498,0.064,2.79,31645,42701,52804,8448,4909,3124,3352.19,300,321.91,0.101551369
10472,0,Bronx,67022,30963245.19,NY,Bronx,36,5,165,64,33,15,60,125,353,0.075,3.02,36038,17483,42914,8362,4378,2450,3604.05,197,289.79,0.138292924
10031,0,New York,59697,16902152.37,NY,New York,36,61,250,63,29,36,80,116,688,0.125,2.73,55721,17271,29950,6650,9353,1776,3008.97,135,228.72,0.117279667
10039,0,New York,26759,8419027.885,NY,New York,36,61,67,17,9,13,25,19,154,0.118,2.33,41363,16253,9061,2788,3213,679,2498.09,66,242.82,0.093450253
10459,0,Bronx,47398,22551940.54,NY,Bronx,36,5,121,51,38,27,65,105,352,0.066,2.78,31896,17050,32734,4960,3076,1902,3973.02,166,346.75,0.104593912
10451,0,Bronx,49099,28944106.52,NY,Bronx,36,5,174,57,41,45,118,118,437,0.057,2.43,32598,20160,28799,6350,4390,1938,4091.45,154,325.12,0.103037217
10473,0,Bronx,59289,59522354.54,NY,Bronx,36,5,63,31,32,20,62,61,255,0.079,2.7,47856,22578,37130,9611,5167,2418,4090.64,143,241.92,0.063984246
10030,0,New York,30100,7757661.455,NY,New York,36,61,136,23,23,28,50,46,423,0.126,2.35,45555,18542,8564,3815,4101,654,2234.38,58,198.16,0.088272612
10027,0,New York,57004,24695278.5,NY,New York,36,61,315,49,55,78,138,222,1002,0.137,2.39,57010,25429,16263,7155,10380,1342,2116.9,117,184.56,0.071533469
10474,0,Bronx,10480,40614090.19,NY,Bronx,36,5,65,105,9,19,7,154,262,0.054,2.99,28419,4933,7273,946,506,369,3081.27,21,175.36,0.124680465
10455,0,Bronx,38966,19846918.84,NY,Bronx,36,5,182,68,31,18,119,160,397,0.063,2.63,29439,12739,29515,3480,2234,1625,3878.86,112,267.34,0.123093882
10037,0,New York,18841,7188980.953,NY,New York,36,61,30,16,6,16,35,18,124,0.163,1.92,50686,12961,4428,3500,3395,634,3049.05,66,317.41,0.068031272
10024,0,New York,59618,22877335.46,NY,New York,36,61,346,28,58,115,427,227,1034,0.153,2.07,137126,1773,6555,12361,17308,997,1706.84,75,128.4,0.038304002
10454,0,Bronx,36745,31063613.33,NY,Bronx,36,5,135,60,33,26,66,100,439,0.069,2.71,23337,13164,24959,3389,1928,1402,3706.08,108,285.49,0.124188221
10026,0,New York,37901,11092681.49,NY,New York,36,61,159,28,40,37,79,62,503,0.117,2.47,64716,20310,7607,4195,6927,872,2255.31,51,131.9,0.070807926
10035,0,New York,33546,15445657.33,NY,New York,36,61,208,0,2,10,3,3,4,0.123,2.28,28408,14458,16800,4987,4605,1231,3493.19,137,388.76,0.091943741
10048,0,New York,,972788.424,NY,New York,36,61,33,0,0,7,3,56,58,,,,,,,,,,,,
10025,0,New York,86734,19631043.82,NY,New York,36,61,444,53,68,96,359,228,1139,0.139,2.16,99067,9754,21867,18777,20720,1820,1986.47,181,197.56,0.041777977
11357,0,Whitestone,39868,77359110.61,NY,Queens,36,81,106,16,31,38,122,96,491,0.075,2.76,82858,273,6955,9431,6789,1036,2675.98,106,273.8,0.186542114
10029,0,New York,71306,22963435.68,NY,New York,36,61,382,96,62,69,485,177,864,0.144,2.26,33801,23400,33471,11414,9399,2287,2923.62,213,272.29,0.085633313
83,0,Central Park,,38300990.4,NY,New York,36,61,20,,,,,,,,,,,,,,,,,,
11356,0,College Point,24140,43321159.27,NY,Queens,36,81,98,17,19,25,39,105,472,0.057,3.29,64324,459,10469,3451,2418,734,3217.32,42,184.1,0.077213067
11359,0,Bayside,0,6567982.085,NY,Queens,36,81,0,0,0,4,1,1,0,,NA,NA,0,0,0,0,,,,,
11360,0,Bayside,18860,38834824.17,NY,Queens,36,81,31,2,9,22,94,32,170,0.068,2.27,84356,235,2068,5322,3726,397,2084.49,28,147.02,0.123280479
11105,0,Astoria,37418,48795608.08,NY,Queens,36,81,222,46,30,46,114,148,793,0.068,2.45,86516,1020,8379,4850,9358,714,1972.93,44,121.58,0.101632748
10128,0,New York,57675,11011681.56,NY,New York,36,61,287,49,52,72,474,238,959,0.109,1.94,117926,2644,8538,10911,17050,867,1480.56,42,71.72,0.033193081
10023,0,New York,60406,15212712.68,NY,New York,36,61,321,23,91,187,654,302,1206,0.133,1.79,137347,2776,5283,14126,17825,809,1309.43,54,87.4,0.028780494
11363,0,Little Neck,6834,24242790.02,NY,Queens,36,81,54,5,7,18,31,26,137,0.075,2.46,111094,132,860,1627,1695,120,1781.65,5,74.24,0.067985972
10028,0,New York,47820,9842046.48,NY,New York,36,61,332,29,47,98,585,298,999,0.166,1.91,131013,847,3548,9517,13589,675,1424.94,34,71.77,0.026107691
11354,0,Flushing,50585,61985147.45,NY,Queens,36,81,854,62,108,65,458,466,1792,0.09,2.51,45838,1636,7482,11358,6132,1588,2945.17,304,563.81,0.056912339
11102,0,Astoria,28052,19116258.44,NY,Queens,36,81,166,43,13,41,174,70,611,0.066,2.16,81462,2186,7282,3722,7762,882,2935.62,85,282.91,0.035002451
11370,0,East Elmhurst,22657,23600231.49,NY,Queens,36,81,78,0,0,0,0,0,10,0.049,3,67582,4374,10689,3988,3158,1568,4934.33,65,204.55,0.236361178
10021,0,New York,41659,10495133.41,NY,New York,36,61,294,28,33,71,1259,401,941,0.111,1.89,130968,119,2165,10399,12139,775,1689.35,66,143.87,0.034492962
11358,0,Flushing,36592,54622541.09,NY,Queens,36,81,227,28,29,41,176,130,762,0.071,2.83,70777,469,6574,6723,5201,724,2009.74,44,122.14,0.209884117
11362,0,Little Neck,18440,54680551.22,NY,Queens,36,81,46,6,16,22,95,42,209,0.055,2.58,92212,491,1903,4602,3802,392,2165.54,36,198.88,0.047093551
10044,0,New York,11350,6296113.269,NY,New York,36,61,20,3,4,13,19,29,64,0.058,2.25,112658,1582,1197,2539,2170,285,2441.77,36,308.43,0.05675398
11369,0,East Elmhurst,29597,30060493.25,NY,Queens,36,81,105,29,13,6,33,53,316,0.07,3.09,61860,5126,18187,5158,3059,1877,5581.7,182,541.22,0.07106609
11103,0,Astoria,35325,20222394.63,NY,Queens,36,81,366,45,27,36,202,246,968,0.037,2.27,81677,1044,8549,3688,10216,819,2344.19,57,163.15,0.08434804
11106,0,Astoria,36864,23866112.73,NY,Queens,36,81,312,55,32,45,120,159,810,0.106,2.17,71865,2812,10228,5188,9229,927,2476.71,57,152.29,0.138413416
11368,0,Corona,107932,72489663.28,NY,Queens,36,81,337,114,33,59,117,216,1233,0.043,3.83,56904,10529,81431,10099,7845,5460,4947.01,449,406.81,0.051858875
11377,0,Woodside,81670,71832387.49,NY,Queens,36,81,372,87,46,56,166,286,1472,0.06,2.58,59910,2457,32026,13562,13054,2820,3355.22,197,234.39,0.069768185
11355,0,Flushing,80911,49383079.08,NY,Queens,36,81,331,54,46,32,457,140,803,0.03,2.85,45527,2214,12736,15829,8229,1747,2215.52,171,216.86,0.036324562
11101,0,Long Island City,31879,78962088.74,NY,Queens,36,81,549,71,78,127,104,609,1938,0.118,2.13,89525,4469,7105,2434,7819,884,2399.86,39,105.88,0.06989107
11364,0,Oakland Gardens,35792,84259665.05,NY,Queens,36,81,74,7,22,24,85,37,229,0.064,2.72,87135,1379,5689,7152,7232,606,1698.04,35,98.07,0.047805092
10018,0,New York,8048,10705796.48,NY,New York,36,61,774,35,174,249,277,2007,2944,0.043,1.86,136360,310,1191,825,2682,298,2527.45,6,50.89,0.058803796
10020,0,New York,0,697297.0224,NY,New York,36,61,54,2,4,11,28,123,130,,NA,NA,0,0,0,0,,,,,
11005,0,Floral Park,2249,9075527.404,NY,Queens,36,81,4,2,0,1,27,1,15,,1.4,75742,0,5,2093,505,,,,,
10017,0,New York,15862,9794383.24,NY,New York,36,61,695,36,99,110,791,621,2900,0.077,1.61,130417,437,686,3569,5528,222,1421.87,8,51.24,0.031007489
10001,0,New York,23884,17794940.77,NY,New York,36,61,913,58,240,330,753,1989,3923,0.053,1.79,96787,1619,3925,3164,8571,500,1810.74,27,97.78,0.041752557
10011,0,New York,47995,18118416.85,NY,New York,36,61,927,50,129,279,767,880,2129,0.069,1.67,136208,2303,6875,8255,16799,796,1600.13,43,86.44,0.037681315
10016,0,New York,51224,15042403.04,NY,New York,36,61,882,46,131,170,2058,858,2998,0.103,1.77,124647,1764,6706,7817,17519,1013,1989.7,49,96.24,0.034930884
11104,0,Sunnyside,25015,12084432.12,NY,Queens,36,81,155,44,8,16,78,74,515,0.064,2.22,75772,420,6972,3287,6045,642,2523.87,42,165.11,0.090853954
11109,0,Long Island City,6127,581237.1506,NY,Queens,36,81,9,2,1,1,1,6,26,0.084,2.21,169425,91,442,312,1881,77,1336.17,2,34.71,0.077214558
10010,0,New York,31623,9768395.57,NY,New York,36,61,518,30,82,175,656,603,1575,0.124,1.92,139188,3810,3138,5779,9757,449,1346.21,19,56.97,0.028674536
11367,0,Flushing,39098,72810151.59,NY,Queens,36,81,88,24,31,26,105,72,385,0.058,2.81,64332,2877,7271,7182,6435,1414,3476.25,68,167.17,0.082418988
10014,0,New York,28685,14151052.03,NY,New York,36,61,737,38,36,118,133,604,1107,0.103,1.67,136154,484,2405,4784,11412,507,1671.28,29,95.6,0.048992582
10003,0,New York,44877,15538376.27,NY,New York,36,61,1255,89,116,281,1087,781,2215,0.109,1.78,129981,2759,4732,6924,17347,763,1413.54,35,64.84,0.042497384
11222,0,Brooklyn,36424,42825293.24,NY,Kings,36,47,380,69,36,98,143,424,1061,0.067,2.03,96435,1258,5592,4086,12142,656,1816,34,94.12,0.145421218
10002,0,New York,72671,26280128.54,NY,New York,36,61,1038,125,94,147,255,751,1466,0.153,2.15,35607,6645,19155,17651,14061,1525,2024.62,160,212.42,0.05887199
11378,0,Maspeth,38801,66260538.74,NY,Queens,36,81,156,51,16,19,93,175,727,0.055,3.01,82326,597,13158,4872,5097,950,2628.27,74,204.73,0.048155008
10009,0,New York,57594,15903519.3,NY,New York,36,61,567,76,35,112,104,208,900,0.139,1.96,68220,4581,13476,8659,17188,1011,1768.99,70,122.48,0.055501593
10012,0,New York,21640,9193739,NY,New York,36,61,728,23,46,197,257,1156,1248,0.115,1.72,110490,613,1915,3350,8528,343,1481.51,9,38.87,0.056485652
10013,0,New York,26770,15580578.83,NY,New York,36,61,954,66,96,210,534,1174,2112,0.014,2.18,130675,940,1905,5000,8846,393,1363.69,22,76.34,0.04005206
10007,0,New York,6689,5327870.977,NY,New York,36,61,232,11,32,69,237,159,671,0.007,2.28,250001,623,1110,424,2812,98,1401.71,3,42.91,0.025018098
11237,0,Brooklyn,45298,27425868.17,NY,Kings,36,47,400,81,33,30,106,228,944,0.038,2.61,57375,5807,28086,3799,8725,1319,2747.88,114,237.5,0.077947184
11385,0,Ridgewood,104855,124786310.9,NY,Queens,36,81,453,104,53,83,278,431,2133,0.061,2.95,77044,2853,49040,11446,14474,2843,2743.81,145,139.94,0.092678576
10038,0,New York,23028,7022760.643,NY,New York,36,61,389,24,44,68,382,235,912,0.074,2.13,95640,2516,2631,3987,6594,391,1710.07,28,122.46,0.051363389
11206,0,Brooklyn,86849,40700720.97,NY,Kings,36,47,391,81,63,69,136,315,1124,0.057,2.76,43065,19698,32979,8505,11489,2183,2517.59,158,182.22,0.086065695
10006,0,New York,3260,1716640.92,NY,New York,36,61,93,8,11,22,141,52,316,0.023,1.8,185268,156,287,17,1109,55,1626.35,0,0,0.033412373
11412,0,Saint Albans,37909,45842752.23,NY,Queens,36,81,90,26,24,12,56,36,380,0.058,3.37,85235,32799,2437,5525,4165,1417,3719.4,90,236.24,0.119989744
10005,0,New York,8651,2082901.141,NY,New York,36,61,159,8,25,54,97,131,829,0.045,1.86,184681,174,529,92,3451,125,1427.39,2,22.84,0.034903758
11251,0,Brooklyn,,10245952.25,NY,Kings,36,47,11,2,0,3,3,39,61,,,,,,,,,,,,
10004,0,New York,3305,4002521.097,NY,New York,36,61,14,0,0,1,0,0,1,0.047,1.81,204949,160,193,278,1324,59,1985.12,1,33.65,0.03595818
11411,0,Cambria Heights,20454,35889597.38,NY,Queens,36,81,32,13,18,7,31,21,146,0.06,3.31,104269,18631,1328,4064,2990,782,3657.95,50,233.88,0.069519156
11201,0,Brooklyn,60692,41094886.77,NY,Kings,36,47,724,70,105,200,667,690,1680,0.057,2.07,139697,7977,7354,7766,18134,976,1566.76,97,155.71,0.090645395
10004,0,New York,3305,1202707.707,NY,New York,36,61,0,0,0,1,0,0,1,0.047,1.81,204949,160,193,278,1324,59,1985.12,1,33.65,0.03595818
11205,0,Brooklyn,45351,23270147.95,NY,Kings,36,47,252,50,41,37,52,194,630,0.073,2.7,62952,13669,7871,3788,8173,994,2192.69,51,112.5,0.081402334
11208,0,Brooklyn,101881,79303684.26,NY,Kings,36,47,188,100,42,31,103,189,780,0.057,2.96,45946,54146,40931,10989,7297,3105,3249.09,253,264.74,0.087147524
11207,0,Brooklyn,88390,73966260.54,NY,Kings,36,47,232,104,57,37,130,233,1076,0.079,2.6,42276,57897,29584,12036,7844,2660,2987.7,219,245.98,0.058429151
10004,0,New York,3305,7679615.511,NY,New York,36,61,2,0,0,1,0,0,1,0.047,1.81,204949,160,193,278,1324,59,1985.12,1,33.65,0.03595818
10004,0,New York,3305,670708.02,NY,New York,36,61,0,0,0,1,0,0,1,0.047,1.81,204949,160,193,278,1324,59,1985.12,1,33.65,0.03595818
11413,0,Springfield Gardens,41477,86208498.59,NY,Queens,36,81,77,24,27,21,38,57,347,0.082,3.27,91836,37697,2582,6818,4697,1517,3511.01,104,240.7,0.083409734
11217,0,Brooklyn,41701,21648157.8,NY,Kings,36,47,451,54,44,124,195,319,949,0.136,2.24,122598,8288,6629,4618,12063,782,1913.35,87,212.87,0.038572757
11238,0,Brooklyn,53906,29429423.46,NY,Kings,36,47,370,53,37,76,150,166,903,0.05,2.12,100568,16299,5693,6810,15850,1045,1951.5,104,194.22,0.077163013
11231,0,Brooklyn,37708,39379691.79,NY,Kings,36,47,287,0,0,0,0,0,0,0.044,2.38,108525,5572,6074,3493,8878,548,1466.16,35,93.64,0.066250251
11422,0,Rosedale,32720,60120657.21,NY,Queens,36,81,59,14,10,10,48,35,228,0.071,3.29,93397,27518,2887,4769,4437,1133,3498.09,67,206.86,0.118313582
11420,0,South Ozone Park,47163,61879568.37,NY,Queens,36,81,101,31,19,22,49,62,328,0.044,3.62,85190,11976,11485,5925,4527,1661,3472.35,108,225.78,0.115643018
11417,0,Ozone Park,31132,31099087.11,NY,Queens,36,81,114,16,21,29,44,86,375,0.063,3.5,79210,2575,11574,4136,3921,1053,3392.25,49,157.85,0.080460065
11215,0,Brooklyn,69524,61922821.75,NY,Kings,36,47,572,89,77,151,448,405,1585,0.05,2.42,144330,2848,11032,7685,18713,854,1226.58,47,67.51,0.087189701
11231,0,Brooklyn,37708,701979.3853,NY,Kings,36,47,0,0,0,0,0,0,0,0.044,2.38,108525,5572,6074,3493,8878,548,1466.16,35,93.64,0.066250251
11232,0,Brooklyn,24492,55879065.15,NY,Kings,36,47,221,52,28,36,47,309,756,0.064,2.74,74072,2001,13702,2057,3733,729,2691.45,44,162.45,0.079000377
11430,0,Jamaica,0,199913664.3,NY,Queens,36,81,10,2,0,0,0,2,8,,NA,NA,146,66,20,15,,,,,
11203,0,Brooklyn,75729,60644835.46,NY,Kings,36,47,216,85,71,30,195,215,956,0.009,2.59,57707,67107,5304,13933,9923,2471,3370.42,247,336.91,0.053454134
11239,0,Brooklyn,12723,41794660.77,NY,Kings,36,47,34,5,8,12,27,37,52,0.088,1.88,29571,7632,2387,3974,1107,631,4845.53,92,706.48,0.166898885
11236,0,Brooklyn,97227,96373991.62,NY,Kings,36,47,202,61,47,34,211,173,790,0.061,2.86,74015,84752,7474,14593,13117,3278,3375.3,306,315.08,0.058854714
11220,0,Brooklyn,90410,47453785.79,NY,Kings,36,47,601,141,58,48,346,379,1152,0.064,3.25,55119,2877,36498,11525,9147,2272,2401.93,169,178.66,0.078993569
10301,0,Staten Island,36342,105182712.6,NY,Richmond,36,85,186,27,34,54,209,117,487,0.049,2.51,70065,8300,9448,6144,5430,1541,3960.93,109,280.17,0.054685655
10303,0,Staten Island,27043,81629773.52,NY,Richmond,36,85,66,15,9,23,28,69,288,0.05,3.19,70315,8918,10853,2946,3053,1044,3937.75,48,181.05,0.095914041
11234,0,Brooklyn,90178,206201040.1,NY,Kings,36,47,259,46,40,89,351,373,988,0.071,2.8,84116,40921,9795,17015,13641,2873,3054.56,196,208.39,0.130640693
10302,0,Staten Island,17798,29555323.02,NY,Richmond,36,85,104,27,11,18,33,97,303,0.052,2.98,72394,4584,6785,1929,2258,778,4208.82,32,173.11,0.089147171
11693,0,Far Rockaway,12757,46471727.17,NY,Queens,36,81,0,0,0,0,0,0,0,0.039,2.45,52946,2813,3713,2105,1554,397,3132.86,29,228.85,0.049892959
11209,0,Brooklyn,67914,57842313.96,NY,Kings,36,47,505,75,45,68,689,323,1175,0.056,2.33,79524,2845,12163,12079,14415,1583,2344.68,120,177.74,0.081379446
10304,0,Staten Island,40584,98226679.8,NY,Richmond,36,85,139,20,21,30,230,89,424,0.046,2.72,64394,11931,9542,6058,5851,1754,4187.47,182,434.5,0.058943936
10314,0,Staten Island,88651,473985727.1,NY,Richmond,36,85,313,43,69,107,481,397,1010,0.028,2.83,90306,3300,13674,16343,14128,3455,3734.17,205,221.56,0.024675663
11228,0,Brooklyn,43699,43893024.73,NY,Kings,36,47,99,35,25,25,161,92,386,0.052,2.82,76278,603,5323,8405,7585,916,2036.32,89,197.85,0.081414887
11096,0,Inwood,8146,1512446.305,NY,Queens,36,81,0,0,0,0,0,0,3,,3.18,59943,1770,3740,990,648,,,,,
10305,0,Staten Island,42176,111441829.3,NY,Richmond,36,85,156,16,27,47,212,111,425,0.036,2.74,77136,2889,6164,7449,6732,1636,3817.42,82,191.34,0.055675156
11229,0,Brooklyn,81646,60119326.14,NY,Kings,36,47,261,80,81,53,551,265,877,0.052,2.63,66332,5260,7984,16248,13490,2430,2909.08,158,189.15,0.111220398
11214,0,Brooklyn,89364,61096539.39,NY,Kings,36,47,379,87,54,61,240,267,848,0.063,2.82,57639,1820,15975,15311,13252,2143,2308.91,191,205.79,0.093742265
11691,0,Far Rockaway,65941,83927815.11,NY,Queens,36,81,77,33,41,19,151,54,383,0.049,3.12,52605,31620,16089,9093,6117,3209,4799.85,379,566.89,0.076919996
11096,0,Inwood,8146,111973.734,NY,Queens,36,81,0,0,0,0,0,0,3,,3.18,59943,1770,3740,990,648,,,,,
11223,0,Brooklyn,80402,58702923.47,NY,Kings,36,47,352,98,46,63,267,367,997,0.099,2.9,56908,4289,10787,12809,10759,2952,3622.46,145,177.93,0.112097794
11693,0,Far Rockaway,12757,1527599.164,NY,Queens,36,81,0,0,0,0,0,0,0,0.039,2.45,52946,2813,3713,2105,1554,397,3132.86,29,228.85,0.049892959
11692,0,Arverne,21354,23992395.38,NY,Queens,36,81,20,11,6,11,13,17,112,0.035,2.88,53077,12579,5621,3175,2335,760,3614.03,95,451.75,0.06054347
11235,0,Brooklyn,75594,69053803.03,NY,Kings,36,47,308,69,74,88,483,299,924,0.066,2.33,56308,1687,6618,18720,15813,2809,3592.18,311,397.71,0.086913862
11693,0,Far Rockaway,12757,12270916.53,NY,Queens,36,81,4,0,0,0,0,0,0,0.039,2.45,52946,2813,3713,2105,1554,397,3132.86,29,228.85,0.049892959
10306,0,Staten Island,53749,174102872,NY,Richmond,36,85,203,21,48,63,320,169,539,0.036,2.73,83309,1874,9464,10009,7052,1915,3626.43,84,159.07,0.042476538
11694,0,Rockaway Park,19854,48101606.61,NY,Queens,36,81,75,9,16,24,73,38,225,0.041,2.46,87755,1234,4115,3900,3648,864,4157.96,90,433.12,0.039164255
11224,0,Brooklyn,44313,46701983.75,NY,Kings,36,47,144,30,22,61,81,103,323,0.114,2.3,35776,9402,9256,13145,6732,1588,3431.97,220,475.46,0.087046836
10308,0,Staten Island,28856,62751041.82,NY,Richmond,36,85,90,10,17,31,80,53,190,0.04,2.82,110478,463,2692,4997,4926,888,2977.79,29,97.25,0.029735735
11697,0,Breezy Point,3522,59789760.62,NY,Queens,36,81,12,2,0,6,14,4,20,0.048,2.72,116205,21,278,791,649,131,3861.33,5,147.38,0.005912162
10312,0,Staten Island,61034,169087432.9,NY,Richmond,36,85,98,9,26,45,308,76,326,0.044,2.89,96785,590,7354,10411,9404,2028,3321.72,62,101.55,0.04679554
10309,0,Staten Island,33699,215835793.5,NY,Richmond,36,85,121,16,25,66,89,147,431,0.022,2.87,102730,200,2968,5560,5300,1117,3391.06,33,100.18,0.03046595
10307,0,Staten Island,15007,46028382.63,NY,Richmond,36,85,46,4,7,21,24,35,166,0.025,2.96,108808,17,1339,2087,2766,516,3460.26,15,100.59,0.034696073
10280,0,New York,9372,2234114.007,NY,New York,36,61,25,6,7,13,14,14,69,0.071,2.07,170385,55,1082,758,3019,73,781.06,0,0,0.027788474
11372,0,Jackson Heights,62813,20163283.87,NY,Queens,36,81,403,76,51,29,284,355,929,0.061,2.63,61239,1678,34248,9085,8176,3098,5105.24,265,436.7,0.133943336
11004,0,Glen Oaks,14467,22606526.91,NY,Queens,36,81,52,8,7,6,34,29,114,0.086,3.01,97845,752,1850,3511,2993,699,3688.75,69,364.13,0.06227142
11040,0,New Hyde Park,41488,6269333.412,NY,Queens,36,81,3,0,1,0,0,0,2,,3.17,132767,364,5428,8126,8929,,,,,
11426,0,Bellerose,20113,49609163.54,NY,Queens,36,81,63,9,18,15,51,34,173,0.066,3.2,102770,1219,3977,4075,3456,602,2985.58,34,168.62,0.091524617
11365,0,Fresh Meadows,43706,69385865.59,NY,Queens,36,81,82,19,27,32,137,73,334,0.104,2.78,70102,3914,8721,7639,7686,1094,2496.86,69,157.48,0.050798853
11001,0,Floral Park,26500,9155180.263,NY,Queens,36,81,5,3,2,0,8,4,24,,3.03,124949,1447,3604,4789,5582,,,,,
11375,0,Forest Hills,72175,55587771.83,NY,Queens,36,81,327,69,73,91,700,233,1270,0.047,2.22,88117,2363,11066,14312,19144,1911,2681.48,186,260.99,0.163601353
11427,0,Queens Village,24201,39435767.42,NY,Queens,36,81,37,8,8,6,73,25,161,0.064,3.12,81688,5452,5200,5339,3839,928,3936.74,54,229.08,0.04885618
11374,0,Rego Park,43131,25203558.58,NY,Queens,36,81,145,34,32,33,316,118,612,0.056,2.26,75266,1882,7897,8288,10677,1445,3490.87,101,244,0.153234377
11366,0,Fresh Meadows,13893,20358592.75,NY,Queens,36,81,60,11,13,2,58,32,213,0.069,3.08,91795,823,1574,2508,2541,488,3434.65,30,211.15,0.082264378
11423,0,Hollis,29099,45095032.1,NY,Queens,36,81,68,19,12,16,101,63,358,0.063,2.96,70990,11223,4025,5204,4612,1304,4187.75,108,346.84,0.060812392
11428,0,Queens Village,19811,21927545.49,NY,Queens,36,81,64,15,10,6,41,33,206,0.075,3.24,77466,3888,4774,4087,2319,777,4181.71,55,296,0.072219432
11432,0,Jamaica,59683,60177575.64,NY,Queens,36,81,275,62,69,34,289,297,831,0.051,3.18,66270,11532,13382,10123,9992,2329,3833.45,260,427.95,0.064927931
11379,0,Middle Village,37430,57622817.05,NY,Queens,36,81,107,22,17,21,88,88,455,0.057,2.76,89700,377,7983,7250,6298,1035,2825.05,102,278.41,0.129020897
11429,0,Queens Village,27669,39559398.28,NY,Queens,36,81,39,24,16,17,33,45,309,0.059,3.46,82532,19879,3990,5066,3376,1139,3540.75,76,236.26,0.063415072
11435,0,Jamaica,58191,42105899.16,NY,Queens,36,81,176,48,20,20,93,139,725,0.055,3.01,69873,15490,18296,7627,8311,2026,3468.28,151,258.5,0.111732183
11415,0,Kew Gardens,18379,16802279.51,NY,Queens,36,81,57,18,10,11,92,43,294,0.056,2.34,75476,959,4463,2852,3687,691,3661.31,53,280.82,0.037201821
11418,0,Richmond Hill,37066,32025130.92,NY,Queens,36,81,143,43,29,17,155,119,636,0.058,3.29,73856,3041,16348,4987,4730,1360,3618.41,106,282.02,0.079948686
11433,0,Jamaica,36776,47739432.6,NY,Queens,36,81,85,30,22,21,52,160,532,0.046,3.45,62453,22808,5332,4872,3167,1133,3102.25,82,224.52,0.102168636
11451,0,Jamaica,0,487599.7268,NY,Queens,36,81,0,0,1,1,0,0,1,,NA,NA,0,0,0,0,,,,,
11221,0,Brooklyn,84261,38580480.43,NY,Kings,36,47,252,95,46,45,108,130,1218,0.074,2.55,65548,37775,28937,8800,14021,1789,2196.69,151,185.41,0.071682392
11421,0,Woodhaven,39625,24314441.76,NY,Queens,36,81,131,40,19,5,68,68,349,0.054,3.5,77738,2270,23166,5101,4926,1486,3710.41,103,257.18,0.090110735
11419,0,South Richmond Hill,47895,31278858.1,NY,Queens,36,81,133,57,25,9,141,170,533,0.062,3.83,79589,6522,8857,7328,4980,1463,3016.19,99,204.1,0.11506254
11434,0,Jamaica,60488,87379704.16,NY,Queens,36,81,158,38,30,21,93,106,616,0.054,2.81,65845,52093,5910,9569,6558,2394,3585.8,201,301.06,0.114678115
11216,0,Brooklyn,58894,26478229.26,NY,Kings,36,47,350,77,32,55,105,221,1146,0.047,2.29,77343,30377,7315,6611,14737,1032,1882.34,76,138.62,0.100893486
11416,0,Ozone Park,26002,18854849.8,NY,Queens,36,81,76,21,16,16,45,78,379,0.068,3.51,73471,1413,12016,3400,2726,931,3527.9,58,219.78,0.071905443
11233,0,Brooklyn,77998,37871693.68,NY,Kings,36,47,193,72,43,37,68,89,959,0.126,2.45,48278,58859,12480,9186,10488,1622,2182.35,143,192.4,0.045849983
10055,1,New York,,37223.53879,NY,New York,36,61,0,0,1,0,0,2,2,,,,,,,,,,,,
10019,0,New York,45046,18828383.12,NY,New York,36,61,1122,48,109,239,1201,828,2519,0.067,1.65,101651,2453,8011,7850,14714,827,1900.17,43,98.8,0.038680348
10111,0,New York,0,103066.2533,NY,New York,36,61,4,0,1,2,46,8,19,,NA,NA,0,0,0,0,,,,,
10153,1,New York,0,80339.64723,NY,New York,36,61,3,0,0,0,0,5,14,,NA,NA,0,0,0,0,,,,,
10154,1,New York,0,79148.80239,NY,New York,36,61,2,0,2,2,0,3,19,,NA,NA,0,0,0,0,,,,,
10152,1,New York,0,59924.99827,NY,New York,36,61,4,1,2,0,0,3,36,,NA,NA,0,0,0,0,,,,,
10115,0,New York,0,71720.11547,NY,New York,36,61,1,0,2,3,1,1,45,,NA,NA,0,0,0,0,,,,,
10022,0,New York,30991,12728335.62,NY,New York,36,61,823,28,81,208,1246,988,2864,0.126,1.72,138661,435,3069,8911,9927,501,1621.56,33,106.81,0.02283188
11370,0,Bronx,22657,18190205.19,NY,Bronx,36,5,0,0,0,0,0,0,10,0.049,3,67582,4374,10689,3988,3158,1568,4934.33,65,204.55,0.236361178
10065,0,New York,30037,11442579.55,NY,New York,36,61,356,20,56,91,1733,472,1029,0.077,1.91,153002,636,2385,6090,9416,460,1648.8,28,100.36,0.024042354
10075,0,New York,22083,4809654.276,NY,New York,36,61,135,14,19,35,340,180,493,0.167,1.83,123854,457,3710,6422,6231,534,2317.26,47,203.95,0.046422082
10069,0,New York,6504,2372365.889,NY,New York,36,61,13,4,5,11,19,18,79,0.136,2.09,130556,315,1095,604,1467,94,1495.73,2,31.82,0.025152172
10281,0,New York,,955857.8219,NY,New York,36,61,2,0,0,0,0,2,4,,,,,,,,,,,,
10282,0,New York,6086,1562844.987,NY,New York,36,61,16,3,5,13,11,12,33,0.057,2.44,250001,139,639,270,1563,92,1651.13,14,251.26,0.013588414
11211,0,Brooklyn,103818,40470881.67,NY,Kings,36,47,583,102,73,104,166,447,1625,0.069,2.54,90871,6567,25035,9243,23349,2999,2949.83,141,138.69,0.070287878
11373,0,Elmhurst,95951,42654860.34,NY,Queens,36,81,520,101,63,43,376,367,1075,0.055,3.07,56835,1702,40303,12867,13970,3890,4244.14,299,326.22,0.078577899
10279,1,New York,96,28664.70581,NY,New York,36,61,2,0,0,1,19,1,12,,2.4,NA,0,0,0,0,,,,,
10165,1,New York,0,40779.8152,NY,New York,36,61,4,0,4,2,38,14,111,,NA,NA,0,0,0,0,,,,,
10168,1,New York,0,27810.12206,NY,New York,36,61,10,0,4,1,21,14,87,,NA,NA,0,0,0,0,,,,,
10105,1,New York,,35422.15675,NY,New York,36,61,2,0,0,0,0,0,0,,,,,,,,,,,,
10118,1,New York,,91733.71537,NY,New York,36,61,0,0,0,0,0,1,0,,,,,,,,,,,,
10176,1,New York,,18289.08973,NY,New York,36,61,4,1,4,1,1,9,37,,,,,,,,,,,,
10170,1,New York,0,61793.17513,NY,New York,36,61,5,3,3,6,9,10,127,,NA,NA,0,0,0,0,,,,,
10112,1,New York,0,164078.1678,NY,New York,36,61,28,2,0,6,4,36,22,,NA,NA,0,0,0,0,,,,,
10122,1,New York,,23294.6381,NY,New York,36,61,3,0,0,1,0,2,5,,,,,,,,,,,,
10107,1,New York,,23030.1759,NY,New York,36,61,0,0,0,1,0,0,2,,,,,,,,,,,,
10103,1,New York,0,62713.25341,NY,New York,36,61,7,0,0,1,0,8,12,,NA,NA,0,0,0,0,,,,,
10174,1,New York,0,44203.22555,NY,New York,36,61,3,0,4,2,24,13,72,,NA,NA,0,0,0,0,,,,,
10166,1,New York,,110438.6232,NY,New York,36,61,0,0,0,0,0,1,3,,,,,,,,,,,,
10169,1,New York,0,66246.34637,NY,New York,36,61,32,1,1,1,13,3,59,,NA,NA,0,0,0,0,,,,,
10167,1,New York,0,80926.18724,NY,New York,36,61,8,1,2,1,4,8,54,,NA,NA,0,0,0,0,,,,,
10177,1,New York,0,24688.0511,NY,New York,36,61,1,0,0,0,3,1,18,,NA,NA,0,0,0,0,,,,,
10172,1,New York,0,79589.1001,NY,New York,36,61,4,1,0,2,4,3,21,,NA,NA,0,0,0,0,,,,,
10171,1,New York,0,23525.08592,NY,New York,36,61,4,0,2,0,0,1,20,,NA,NA,0,0,0,0,,,,,
10270,1,New York,,31255.80043,NY,New York,36,61,6,2,0,1,1,0,1,,,,,,,,,,,,
10104,1,New York,,89721.85255,NY,New York,36,61,8,0,1,0,18,2,6,,,,,,,,,,,,
10271,1,New York,0,49236.8772,NY,New York,36,61,4,0,0,2,3,2,48,,NA,NA,0,0,0,0,,,,,
10110,1,New York,0,21249.06352,NY,New York,36,61,2,1,1,2,1,8,43,,NA,NA,0,0,0,0,,,,,
10175,1,New York,,18685.39453,NY,New York,36,61,0,0,0,0,0,0,1,,,,,,,,,,,,
10151,1,New York,,21380.26838,NY,New York,36,61,0,0,0,0,0,8,10,,,,,,,,,,,,
10173,1,New York,0,25689.42059,NY,New York,36,61,3,0,1,0,4,6,17,,NA,NA,0,0,0,0,,,,,
10178,1,New York,,51303.03763,NY,New York,36,61,0,0,0,0,0,0,0,,,,,,,,,,,,
10121,1,New York,,115104.7993,NY,New York,36,61,4,0,0,0,0,2,13,,,,,,,,,,,,
10123,1,New York,,16138.53697,NY,New York,36,61,0,0,0,0,0,1,1,,,,,,,,,,,,
10106,1,New York,,31052.55279,NY,New York,36,61,3,0,0,0,0,0,0,,,,,,,,,,,,
10158,1,New York,,35395.77014,NY,New York,36,61,0,0,0,0,0,0,0,,,,,,,,,,,,
10041,1,New York,,162236.6469,NY,New York,36,61,1,0,0,0,0,1,0,,,,,,,,,,,,
10120,1,New York,,35179.27222,NY,New York,36,61,0,0,0,0,0,2,3,,,,,,,,,,,,
10278,1,New York,0,206705.9952,NY,New York,36,61,0,0,0,3,2,0,12,,NA,NA,0,0,0,0,,,,,
10155,1,New York,,24784.68854,NY,New York,36,61,0,0,0,0,1,2,0,,,,,,,,,,,,
10043,1,New York,,38262.36481,NY,New York,36,61,1,0,0,0,0,1,10,,,,,,,,,,,,
10081,1,New York,,30240.50545,NY,New York,36,61,0,0,0,0,0,1,9,,,,,,,,,,,,
10096,1,New York,,42106.11469,NY,New York,36,61,5,0,2,1,5,3,21,,,,,,,,,,,,
10097,1,New York,,65826.17798,NY,New York,36,61,4,1,2,4,0,11,24,,,,,,,,,,,,
10196,1,New York,,32502.44033,NY,New York,36,61,2,0,0,1,0,6,6,,,,,,,,,,,,
10196,1,New York,,3154.824973,NY,New York,36,61,2,0,0,1,0,6,6,,,,,,,,,,,,
10275,1,New York,,48280.415,NY,New York,36,61,0,0,0,0,0,1,0,,,,,,,,,,,,
10265,1,New York,,17229.15496,NY,New York,36,61,2,0,0,1,2,3,11,,,,,,,,,,,,
10045,1,New York,,47808.98541,NY,New York,36,61,0,0,0,0,0,0,0,,,,,,,,,,,,
10047,1,New York,,10149.77968,NY,New York,36,61,0,0,0,0,0,0,12,,,,,,,,,,,,
10047,1,New York,,10149.77968,NY,New York,36,61,0,0,0,0,0,0,12,,,,,,,,,,,,
10080,1,New York,,77111.44771,NY,New York,36,61,9,0,0,0,1,11,7,,,,,,,,,,,,
10203,1,New York,,37226.88358,NY,New York,36,61,0,0,0,0,0,0,3,,,,,,,,,,,,
10259,1,New York,,21064.31295,NY,New York,36,61,2,0,1,3,3,4,42,,,,,,,,,,,,
10260,1,New York,,52514.73508,NY,New York,36,61,2,0,0,0,0,1,2,,,,,,,,,,,,
10285,1,New York,,67350.38896,NY,New York,36,61,0,0,0,0,0,1,1,,,,,,,,,,,,
10286,1,New York,,11264.41238,NY,New York,36,61,1,0,3,3,0,5,49,,,,,,,,,,,,
10035,0,New York,33546,23494871.46,NY,New York,36,61,4,0,2,10,3,3,4,0.123,2.28,28408,14458,16800,4987,4605,1231,3493.19,137,388.76,0.091943741
11371,0,Flushing,0,30558474.91,NY,Queens,36,81,12,0,1,1,0,4,5,,NA,NA,0,0,0,0,,,,,
11361,0,Bayside,28112,50163518.24,NY,Queens,36,81,210,19,42,46,228,110,654,0.073,2.64,86545,1358,3442,5953,5337,577,2188.04,58,219.94,0.104928169
10036,0,New York,27609,11395110.51,NY,New York,36,61,846,33,87,181,325,1630,2242,0.052,1.58,97720,1928,4991,3810,9317,623,2286.9,40,146.83,0.059344503
11414,0,Howard Beach,27646,63928824.72,NY,Queens,36,81,70,9,11,23,138,54,241,0.071,2.5,75599,1162,5953,6740,3210,988,3483.98,63,222.16,0.060106264
10310,0,Staten Island,23951,53463275,NY,Richmond,36,85,117,16,25,38,146,104,411,0.044,2.76,86895,5557,7450,3380,2818,900,3839.34,36,153.57,0.065838368
11693,0,Far Rockaway,12757,3497515.78,NY,Kings,36,47,0,0,0,0,0,0,0,0.039,2.45,52946,2813,3713,2105,1554,397,3132.86,29,228.85,0.049892959
11249,0,Brooklyn,,17772206.17,NY,Kings,36,47,26,0,0,6,2,15,36,,,,,,,,,,,,
10162,1,New York,1240,21034.88692,NY,New York,36,61,0,0,0,0,7,0,0,,1.99,96555,0,295,430,311,,,,,
10119,1,New York,0,126392.9735,NY,New York,36,61,24,0,7,1,3,19,94,,NA,NA,0,0,0,0,,,,,